10000000001000,VICTORIA,OTERO,ALBA,FEMENINO,votero@gmail.com,4424511689
10000000001010,SOFIA,TENDERO,VILLALONGA,FEMENINO,stendero@gmail.com,4421547895
10000000001020,CONSUELO,ARTIGAS,ROPERO,FEMENINO,cartigas@gmail.com,4424525130
10000000001030,ANA,MEGIAS,ROMANO,FEMENINO,amegias@gmail.com,4426987145
10000000001040,CLAUDIA,HARO,FUERTES,FEMENINO,charo@gmail.com,4426325160
10000000001050,YOLANDA,PINILLA,MONTANER,FEMENINO,ypinilla@gmail.com,4426630025
10000000001060,SOFIA,LORCA,MACIAS,FEMENINO,slorca@gmail.com,4429912190
10000000001070,ELENA,CARPIO,SALAZAR,FEMENINO,ecarpio@gmail.com,4421105205
10000000001080,LUISA,SANTACRUZ,TRILLO,FEMENINO,lsantacruz@gmail.com,4426337850
10000000001090,TERESA,CALVINO,ARTERO,FEMENINO,tcalvino@gmail.com,4426400206
SUME720313PA9,SUSANA,MEGIAS,ELIZALDE,FEMENINO,smegias@gmail.com,442110635
10000000001100,HECTOR,VILAR,MAYOL,MASCULINO,hvilar@gmail.com,4426663245
10000000001110,IGNACIO,ZABALETA,NUNEZ,MASCULINO,izabaleta@gmail.com,4427776555
10000000001120,JORGE,CARAZO,BARROSO,MASCULINO,jcarazo@gmail.com,4422254718
10000000001130,DANIEL,OLIVARES,MARRERO,MASCULINO,dolivares@gmail.com,4423386522
10000000001140,LUIS,ANDRES,NAVARRETE,MASCULINO,landres@gmail.com,4421119566
10000000001150,JOAQUIN,MIRO,CARRACEDO,MASCULINO,jmiro@gmail.com,4425050384
10000000001160,HECTOR,ESTRUCH,BAYONA,MASCULINO,hestruch@gmail.com,4426846516
10000000001170,FRANCISCO,VELEZ,SALCEDO,MASCULINO,fvelez@gmail.com,4420321501
10000000001180,ENRIQUE,LLUCH,GODOY,MASCULINO,elluch@gmail.com,4421653406
10000000001190,ESTEBAN,MORALEDA,TINOCO,MASCULINO,emoraleda@gmail.com,4420852816
VIVP690426AJ2,VICTOR,VERGES,POP,MASCULINO,vverges@gmail.com,4420710908
